id,timestamp,AccX,AccY,AccZ,GyroX,GyroY,GyroZ,AngX,AngY,AngZ,unsafe,safety_class
978,2025-12-28T08:18:13.239545,-0.866701,1.613692,-10.26873,-0.022916,0.010392,0.086334,-8.899643,118.2399,8.930777,1,Class 2
979,2025-12-28T08:18:20.381991,-4.13718,0.004788,-9.873688,0.498818,-0.497219,0.366119,-0.025628,179.9337,0.027787,1,Class 2
980,2025-12-28T08:18:27.848488,-5.05416,1.723825,-9.349358,-0.014389,-0.224095,-0.073011,-9.212922,161.167,10.44681,1,Class 2
981,2025-12-28T08:18:35.405927,-9.497798,0.593762,-4.661511,0.116977,0.050361,-0.046364,-3.212116,176.4228,7.258987,1,Class 2
982,2025-12-28T08:18:42.695358,-9.995792,0.560243,-2.501941,0.234487,-0.643507,-0.429271,-3.112143,176.792,12.62166,1,Class 2
983,2025-12-28T08:18:49.786165,-9.552865,2.082955,-4.240131,-0.006662,0.088199,0.018919,-11.27111,167.6995,26.16248,1,Class 2
984,2025-12-28T08:18:59.226674,-9.205706,1.422156,-2.952051,-0.090331,0.059954,0.062352,-8.368623,171.218,25.72253,1,Class 2
985,2025-12-28T08:19:06.787742,-10.08438,0.888249,-2.236184,-0.04743,0.049828,0.092995,-4.914935,174.9663,21.66378,1,Class 2
986,2025-12-28T08:19:13.759927,-9.873688,0.919373,-2.612074,0.02638,-0.036772,0.001066,-5.143719,174.6803,19.39057,1,Class 2
987,2025-12-28T08:19:20.604853,-9.868899,0.94571,-1.472434,-0.458315,-0.206508,-0.16947,-5.414216,174.5262,32.71167,1,Class 2
988,2025-12-28T08:19:27.65414,-9.981427,0.715866,-0.972046,0.010925,0.031975,0.020518,-4.08297,175.8978,36.36991,1,Class 2
989,2025-12-28T08:19:35.304251,-10.13466,1.429338,-1.953669,-0.01279,0.039703,-0.218233,-7.884464,171.9722,36.18986,1,Class 2
990,2025-12-28T08:19:42.236315,-10.53209,1.338359,-1.972822,0.068214,0.098858,-0.108184,-7.119488,172.758,34.15289,1,Class 2
991,2025-12-28T08:19:49.451996,-10.26394,2.001553,-0.565032,0.050095,-0.067149,-0.076208,-11.01838,168.9653,74.2358,1,Class 2
992,2025-12-28T08:19:56.200751,-9.399636,2.686294,0.055067,-0.000799,0.031176,-0.025847,-15.94899,164.0508,91.17435,1,Class 2
993,2025-12-28T08:20:03.801816,-9.919178,2.171541,-0.557849,-0.008527,0.054358,-0.019452,-12.32969,167.6514,75.59277,1,Class 2
994,2025-12-28T08:20:10.807195,-9.655815,2.260126,-1.063026,-0.083669,-0.031443,0.060487,-13.0976,166.826,64.81057,1,Class 2
995,2025-12-28T08:20:17.836889,-9.61272,1.877054,-1.233014,0.013057,0.022116,0.054625,-10.96138,168.951,56.69958,1,Class 2
996,2025-12-28T08:20:24.623783,-9.77792,2.135628,-1.206678,-0.019718,0.022649,0.015721,-12.23072,167.6793,60.53258,1,Class 2
997,2025-12-28T08:20:31.590277,-9.718064,2.401384,-0.440533,-0.027979,0.015455,-0.01732,-13.86634,166.12,79.60469,1,Class 2
998,2025-12-28T08:20:39.440706,-9.595961,2.111686,-0.328006,-0.102055,0.014655,0.003464,-12.40367,167.5893,81.17087,1,Class 2
999,2025-12-28T08:20:46.513302,-9.849746,1.608904,-1.024718,0.001599,0.031975,0.00453,-9.22809,170.723,57.50674,1,Class 2
1000,2025-12-28T08:20:55.366329,-9.502586,1.733402,-0.823605,0.068214,-0.021583,0.070879,-10.30009,169.6621,64.58582,1,Class 2
1001,2025-12-28T08:21:02.252263,-9.02614,1.860295,0.19393,0.041568,-0.058089,0.169204,-11.64303,168.3544,95.95142,1,Class 2
1002,2025-12-28T08:21:09.612569,-10.89362,1.201889,-0.565032,-0.083669,0.033841,-0.115112,-6.287577,173.704,64.82087,1,Class 2
1003,2025-12-28T08:21:16.556539,-9.574412,1.25935,-0.59855,0.028245,0.059954,-0.146554,-7.478829,172.5067,64.57895,1,Class 2
1004,2025-12-28T08:21:23.676572,-10.02692,1.273715,-1.036689,0.001865,-0.063951,-0.207308,-7.201504,172.7605,50.85752,1,Class 2
1005,2025-12-28T08:21:30.998324,-10.84813,0.653617,-0.842759,-0.106851,0.140426,-0.06475,-3.437661,176.552,37.79602,1,Class 2
1006,2025-12-28T08:21:38.093737,-9.483433,0.577003,0.081403,-0.014123,0.031975,0.111115,-3.48164,176.5182,98.03022,1,Class 2
1007,2025-12-28T08:21:45.663113,-10.09635,1.359907,-0.636858,0.124438,0.049828,0.002398,-7.656131,172.3288,64.90584,1,Class 2
1008,2025-12-28T08:21:54.032419,-9.16261,0.349553,-0.624887,-0.119642,-0.19585,0.057289,-2.179715,177.8152,29.22208,1,Class 2
1009,2025-12-28T08:22:04.815329,-10.13705,0.656011,-0.174777,-0.038904,0.028245,0.037305,-3.70214,176.2973,75.0816,1,Class 2
1010,2025-12-28T08:22:12.081584,-9.718064,1.719037,-1.522712,-0.114046,0.03917,-0.062352,-9.912825,169.9687,48.46567,1,Class 2
1011,2025-12-28T08:22:20.39684,-9.653421,2.066196,-1.831564,0.035173,0.009859,-0.04823,-11.87548,167.9188,48.44485,1,Class 2
1012,2025-12-28T08:22:28.272239,-9.68694,1.956063,-1.520318,-0.007194,0.016254,0.009326,-11.28161,168.5839,52.14444,1,Class 2
1013,2025-12-28T08:22:35.852039,-9.907207,1.61848,-1.405396,-0.05196,-0.018652,0.012524,-9.187716,170.7219,49.03081,1,Class 2
1014,2025-12-28T08:22:43.184131,-9.61272,1.707066,-2.978387,0.032508,0.045299,-0.031443,-9.627357,169.9302,29.81923,1,Class 2
1015,2025-12-28T08:22:50.504565,-10.13705,1.146823,-2.600103,0.031443,-0.038104,-0.128701,-6.253772,173.5455,23.80075,1,Class 2
1016,2025-12-28T08:22:57.715287,-9.983821,1.587356,-3.040636,-0.062619,0.086067,0.040769,-8.648147,170.966,27.56669,1,Class 2
1017,2025-12-28T08:23:04.737022,-10.05804,1.817199,-2.063802,0.172135,0.054625,-0.233421,-10.0365,169.7588,41.36426,1,Class 2
1018,2025-12-28T08:23:11.876562,-10.10832,1.187524,-1.493982,0.278453,0.086067,-0.111381,-6.629029,173.2996,38.4802,1,Class 2
1019,2025-12-28T08:23:18.909196,-9.385271,1.757344,-0.651223,-0.274456,-0.220098,-0.162009,-10.58067,169.3945,69.66669,1,Class 2
1020,2025-12-28T08:23:26.007493,-10.47942,1.529895,-1.034295,-0.025047,0.089798,0.007194,-8.266351,171.694,55.93909,1,Class 2
1021,2025-12-28T08:23:33.409576,-9.296685,2.219425,-0.646434,0.196649,0.054358,0.099923,-13.3959,166.5729,73.76116,1,Class 2
1022,2025-12-28T08:23:40.881842,-9.251195,2.70066,-1.300052,-0.037038,-0.025314,0.160943,-16.12379,163.7261,64.29462,1,Class 2
1023,2025-12-28T08:23:49.337952,-10.19691,2.087744,-0.653617,-0.049029,0.015988,0.041302,-11.54793,168.429,72.61605,1,Class 2
1024,2025-12-28T08:23:57.317048,-9.94312,2.451663,-0.433351,-0.077008,0.05276,0.120974,-13.83843,166.1489,79.97607,1,Class 2
1025,2025-12-28T08:24:04.452473,-10.03889,1.90339,-0.47884,-0.0866,0.011724,-0.003997,-10.72403,169.2641,75.87901,1,Class 2
1026,2025-12-28T08:24:11.354814,-9.181764,2.784456,-0.062249,-0.118576,0.032242,0.017853,-16.87006,163.1296,88.71931,1,Class 2
1027,2025-12-28T08:24:18.664204,-9.964667,2.221819,-0.61531,-0.027979,0.005596,-0.126836,-12.54648,167.4304,74.52048,1,Class 2
1028,2025-12-28T08:24:26.344698,-9.763555,2.657564,-0.790087,-0.081538,-0.005862,-0.081538,-15.17926,164.7734,73.44292,1,Class 2
1029,2025-12-28T08:24:34.287015,-9.471462,2.104503,-0.979228,-0.005596,0.011991,-0.033308,-12.46294,167.4727,65.04738,1,Class 2
1030,2025-12-28T08:24:40.954471,-10.49379,1.78368,-0.646434,-0.017853,0.070346,-0.142557,-9.628738,170.3533,70.07867,1,Class 2
1031,2025-12-28T08:24:48.572736,-8.803479,3.141193,-0.40462,0.081538,0.011458,0.003198,-19.61792,160.3629,82.66009,1,Class 2
1032,2025-12-28T08:25:04.693954,-9.14585,3.222595,0.543484,-0.033041,0.010925,0.153482,-19.37859,160.5898,99.57273,1,Class 2
1033,2025-12-28T08:25:13.991191,-9.165004,3.002329,0.354342,-0.090064,-0.061819,0.03464,-18.12543,161.8619,96.73104,1,Class 2
1034,2025-12-28T08:25:21.326639,-9.337387,3.514688,1.276109,-0.085534,0.073011,-0.027712,-20.45267,159.3732,109.9549,1,Class 2
1035,2025-12-28T08:25:29.04597,-9.437943,3.61285,0.174777,0.019185,0.038371,0.014922,-20.9436,159.0531,92.7696,1,Class 2
1036,2025-12-28T08:25:38.196748,-9.440337,3.61285,-0.320823,0.007994,0.010925,-0.011458,-20.93099,159.058,84.92542,1,Class 2
1037,2025-12-28T08:25:46.92204,-9.464279,3.550601,-0.335188,-0.014123,0.01732,0.013323,-20.55218,159.436,84.60708,1,Class 2
1038,2025-12-28T08:25:54.391974,-9.682152,3.1795,-1.429338,0.007994,0.022383,-0.00453,-17.99726,161.8205,65.79379,1,Class 2
1039,2025-12-28T08:26:02.07839,-9.933543,3.102885,-1.556231,0.022916,-0.024515,-0.013323,-17.15024,162.6531,63.36426,1,Class 2
1040,2025-12-28T08:26:10.945946,-9.485827,3.394978,-1.216254,-0.002665,0.004263,-0.045832,-19.54455,160.3077,70.28989,1,Class 2
1041,2025-12-28T08:26:18.087536,-10.25676,2.480393,-2.020706,-0.074609,-0.085801,-0.096726,-13.3477,166.4052,50.83126,1,Class 2
1042,2025-12-28T08:26:26.443316,-9.370906,3.031059,-1.991976,-0.063152,0.015988,-0.09939,-17.5566,162.076,56.68756,1,Class 2
1043,2025-12-28T08:26:34.044463,-10.34056,2.449268,-1.271321,-0.033841,0.00826,-0.123106,-13.22945,166.6745,62.56791,1,Class 2
1044,2025-12-28T08:26:41.152728,-9.088389,2.767697,-1.898602,0.052227,-0.002931,0.019985,-16.5991,163.0629,55.55042,1,Class 2
1045,2025-12-28T08:26:48.692426,-9.583989,2.209848,-1.596933,-0.019718,-0.024781,-0.022116,-12.81345,167.0158,54.14648,1,Class 2
1046,2025-12-28T08:26:55.827957,-8.839393,2.861071,-2.001553,0.03917,0.054358,0.090864,-17.51992,162.0646,55.02407,1,Class 2
1047,2025-12-28T08:27:03.068767,-10.29507,2.276886,-0.931344,-0.023182,0.003464,0.00826,-12.42181,167.5291,67.75333,1,Class 2
1048,2025-12-28T08:27:10.313319,-8.875306,2.870648,-1.134852,0.035173,0.025047,0.082337,-17.7878,162.0766,68.42966,1,Class 2
1049,2025-12-28T08:27:17.876173,-9.564836,2.090138,-0.229843,-0.02185,-0.077008,-0.015188,-12.32324,167.6733,83.72465,1,Class 2
1050,2025-12-28T08:27:25.959968,-10.21845,2.403779,-0.565032,-0.009326,-0.004796,0.170003,-13.21805,166.7625,76.77221,1,Class 2
1051,2025-12-28T08:27:33.598424,-9.617508,2.171541,-1.527501,0.152417,-0.346668,-0.031443,-12.57101,167.2765,54.87676,1,Class 2
1052,2025-12-28T08:27:41.542886,-9.212888,2.260126,-2.049437,-0.063685,0.033841,-0.023182,-13.46695,166.2163,47.7989,1,Class 2
1053,2025-12-28T08:27:49.370253,-9.775525,1.266533,0.756568,-0.001865,0.007994,0.029044,-7.360441,172.6178,120.8521,1,Class 2
1054,2025-12-28T08:27:56.330997,-9.933543,1.113304,-0.067038,-0.062086,0.067415,0.001599,-6.394606,173.6053,86.55409,1,Class 2
1055,2025-12-28T08:28:03.667126,-10.2807,2.051831,-0.251391,-0.235819,0.349865,-0.194518,-11.28355,168.7132,83.01491,1,Class 2
1056,2025-12-28T08:28:11.039069,-9.801862,1.546654,0.086191,0.020251,0.019985,0.007461,-8.966537,171.0331,93.18965,1,Class 2
1057,2025-12-28T08:28:18.167563,-9.718064,2.020706,0.337582,-0.012257,-0.00906,-0.010658,-11.73942,168.2537,99.48434,1,Class 2
1058,2025-12-28T08:28:25.918845,-9.662998,2.422932,-1.079785,0.006662,0.028511,0.020518,-13.99268,165.9237,65.97975,1,Class 2
1059,2025-12-28T08:28:33.630679,-10.08917,2.614468,-1.616086,-0.001865,0.039436,0.034907,-14.35259,165.4722,58.27847,1,Class 2
1060,2025-12-28T08:28:41.025282,-9.557653,2.731784,-1.47004,-0.135896,0.073544,-0.021583,-15.77497,164.0489,61.71421,1,Class 2
1061,2025-12-28T08:28:48.124112,-9.91439,2.008735,-0.344765,0.001599,0.072744,0.027712,-11.44681,168.5465,80.26105,1,Class 2
1062,2025-12-28T08:28:55.077103,-9.021352,2.286463,-0.430956,0.099657,0.096193,0.05649,-14.2066,165.7779,79.32601,1,Class 2
1063,2025-12-28T08:29:02.452349,-10.55604,1.881842,-1.173159,-0.092729,-0.176132,-0.170802,-10.04744,169.892,58.06019,1,Class 2
1064,2025-12-28T08:29:09.261557,-10.20888,1.855506,-1.015141,-0.22143,0.039969,0.062086,-10.25182,169.6987,61.31707,1,Class 2
1065,2025-12-28T08:29:19.156545,-9.196129,2.60968,-0.126893,0.118576,0.011724,0.019452,-15.84146,164.1571,87.21625,1,Class 2
1066,2025-12-28T08:29:26.787315,-9.928755,3.076549,-0.399832,-0.100989,-0.06475,-0.077807,-17.20313,162.7838,82.59528,1,Class 2
1067,2025-12-28T08:29:34.139633,-10.08677,1.735796,0.162806,0.062086,0.011191,-0.017054,-9.762942,170.2358,95.35827,1,Class 2
1068,2025-12-28T08:29:41.662124,-9.593566,1.070208,0.665588,0.046897,0.099923,0.069813,-6.350162,173.6347,121.8785,1,Class 2
1069,2025-12-28T08:29:48.969589,-9.94312,1.788469,0.785298,-0.086334,0.0,-0.027712,-10.16576,169.8032,113.7058,1,Class 2
1070,2025-12-28T08:29:56.123273,-10.04607,1.759738,0.486023,-0.126037,0.049828,0.040236,-9.924143,170.0645,105.4396,1,Class 2
1071,2025-12-28T08:30:03.43409,-10.25915,1.850718,0.447716,-0.008793,-0.044766,-0.084202,-10.21647,169.774,103.5994,1,Class 2
1072,2025-12-28T08:30:12.884383,-9.701305,2.679112,-0.80924,0.003464,-0.10392,-0.124438,-15.38712,164.562,73.19277,1,Class 2
1073,2025-12-28T08:30:19.594679,-9.770737,1.572991,0.92895,-0.061286,0.078873,0.065283,-9.105207,170.8544,120.5645,1,Class 2
1074,2025-12-28T08:30:27.843341,-9.607931,1.017536,1.422156,0.031176,0.032242,0.051694,-5.980738,173.9546,144.4167,1,Class 2
1075,2025-12-28T08:30:35.078004,-9.718064,2.23379,-0.062249,0.045832,0.102322,0.036239,-12.94487,167.0549,88.40375,1,Class 2
1076,2025-12-28T08:30:42.435945,-10.27831,1.381454,0.366313,-0.221697,-0.111914,-0.131899,-7.650156,172.345,104.851,1,Class 2
1077,2025-12-28T08:30:50.200659,-9.801862,2.245761,0.943315,-0.09113,0.019985,-0.000533,-12.84726,167.0954,112.7845,1,Class 2
1078,2025-12-28T08:30:57.309533,-9.464279,2.061408,1.290475,-0.122839,0.029044,0.016521,-12.17836,167.7124,122.0472,1,Class 2
1079,2025-12-28T08:31:05.55082,-9.938332,0.586579,2.231396,-1.408521,-0.16121,-0.048763,-3.295922,176.6222,165.2716,1,Class 2
1080,2025-12-28T08:31:12.473558,-9.868899,1.922544,-1.357512,0.001332,0.005596,-0.049828,-10.92328,168.9764,54.77401,1,Class 2
1081,2025-12-28T08:31:19.402583,-9.722853,1.855506,-1.517924,-0.028511,0.074609,0.036772,-10.67808,169.1956,50.71462,1,Class 2
1082,2025-12-28T08:31:26.883099,-9.43076,3.126827,-1.910573,0.049828,0.059688,0.066616,-18.00182,161.6567,58.57398,1,Class 2
1083,2025-12-28T08:31:36.988418,-10.06762,3.136404,-0.715866,-0.009859,0.005329,0.00453,-17.26259,162.6964,77.14281,1,Class 2
1084,2025-12-28T08:31:48.635181,-9.619903,1.49877,-1.151611,-0.041035,0.014655,-0.031975,-8.793633,171.1446,52.46239,1,Class 2
1085,2025-12-28T08:31:56.630392,-9.880871,1.072602,-1.56102,-0.029577,0.022916,0.006395,-6.120076,173.8046,34.4936,1,Class 2
1086,2025-12-28T08:32:03.475388,-9.552865,1.539472,-1.218649,0.006395,-0.015455,-0.018919,-9.082309,170.8453,51.6348,1,Class 2
1087,2025-12-28T08:32:10.680097,-9.581595,1.419762,-1.182736,-0.003198,-0.00373,-0.036239,-8.365939,171.5715,50.20393,1,Class 2
1088,2025-12-28T08:32:17.600877,-9.945514,1.651999,-1.525106,-0.027179,0.028245,0.027979,-9.323962,170.569,47.28716,1,Class 2
1089,2025-12-28T08:32:25.056592,-10.30943,1.283292,-1.276109,-0.021317,0.00373,0.001599,-7.042336,172.9045,45.16079,1,Class 2
1090,2025-12-28T08:32:32.114431,-9.564836,1.405396,-1.539472,0.058888,0.034107,0.050628,-8.25413,171.6411,42.39321,1,Class 2
1091,2025-12-28T08:32:41.269908,-9.844957,0.418985,-1.381454,0.009593,0.00906,-0.002665,-2.413329,177.5631,16.87218,1,Class 2
1092,2025-12-28T08:32:48.181512,-9.859323,1.125275,-1.613692,0.0,0.092196,0.058622,-6.426391,173.4888,34.88919,1,Class 2
1093,2025-12-28T08:32:55.458444,-9.77792,1.314417,-1.321599,0.000266,0.013856,0.010126,-7.588022,172.3438,44.84388,1,Class 2
1094,2025-12-28T08:33:03.658366,-9.691729,1.225831,-1.92015,-0.006395,0.032242,0.019452,-7.07258,172.7914,32.55432,1,Class 2
1095,2025-12-28T08:33:11.043193,-9.749189,2.384625,-0.416591,-0.010126,0.026646,0.031443,-13.73247,166.2555,80.0905,1,Class 2
1096,2025-12-28T08:33:24.023288,-9.576807,2.770091,-0.378284,0.023715,0.01732,-0.008527,-16.12059,163.8675,82.22379,1,Class 2
1097,2025-12-28T08:33:33.024088,-9.957485,2.006341,-1.09415,-0.069813,-0.09939,-0.037038,-11.32565,168.608,61.39433,1,Class 2
1098,2025-12-28T08:33:41.205477,-9.991004,2.035071,-0.909797,0.029577,0.031975,0.083403,-11.46692,168.4869,65.91255,1,Class 2
1099,2025-12-28T08:33:54.229678,-9.449914,1.872266,-1.127669,-0.010392,-0.031975,-0.076475,-11.12964,168.7934,58.93937,1,Class 2
1100,2025-12-28T08:34:08.047346,-9.91439,1.987187,-0.876278,-0.014922,0.013057,0.065816,-11.291,168.6661,66.20425,1,Class 2
1101,2025-12-28T08:34:22.283111,-10.11071,2.06859,-1.268927,-0.034374,0.055691,0.073277,-11.47519,168.4372,58.47397,1,Class 2
1102,2025-12-28T08:34:29.383985,-10.04128,2.152387,-0.78051,-0.002132,0.018119,0.029577,-12.06317,167.9015,70.06808,1,Class 2
1103,2025-12-28T08:34:36.574593,-9.91439,1.685518,-0.641646,0.037038,0.080738,0.045832,-9.628682,170.3516,69.15908,1,Class 2
1104,2025-12-28T08:34:43.731607,-10.26394,1.92015,-0.893037,-0.042101,-0.037038,-0.002665,-10.55727,169.4037,65.05746,1,Class 2
1105,2025-12-28T08:34:50.944784,-9.859323,1.958457,-0.715866,-0.001332,0.005862,0.012257,-11.20624,168.765,69.92134,1,Class 2
1106,2025-12-28T08:34:57.898473,-9.919178,1.975216,-0.816423,-0.006395,0.009326,0.0,-11.22506,168.7379,67.54307,1,Class 2
1107,2025-12-28T08:35:05.430196,-9.82341,1.628057,-0.70629,0.032508,-0.015988,-0.021583,-9.386433,170.5898,66.54767,1,Class 2
1108,2025-12-28T08:35:12.635812,-6.698977,3.833117,-6.083666,-0.480165,0.180928,-0.023449,-22.95694,150.2221,32.21367,1,Class 2
1109,2025-12-28T08:40:22.004213,-0.143652,0.026336,-0.062249,-0.00373,-0.021317,0.008527,-9.548813,169.6111,22.9321,1,Class 2
1110,2025-12-28T08:40:30.537447,-10.16099,1.683124,0.033519,-0.032508,-0.013856,0.110049,-9.405342,170.5946,91.14087,1,Class 2
1111,2025-12-28T08:40:42.012251,-9.713276,2.516306,0.203507,0.002132,0.106052,0.013856,-14.52062,165.4763,94.62376,1,Class 2
1112,2025-12-28T08:40:51.339695,-9.445126,1.953669,0.344765,-0.015988,-0.001066,0.01732,-11.67892,168.3135,100.008,1,Class 2
1113,2025-12-28T08:40:58.386963,-10.1179,2.154782,0.452504,-0.020518,-0.010126,-0.033574,-12.01086,167.9775,101.8598,1,Class 2
1114,2025-12-28T08:41:07.408977,-9.500193,2.020706,0.452504,-0.003997,0.007194,0.017587,-11.99475,167.9921,102.6222,1,Class 2
1115,2025-12-28T08:41:14.518899,-9.674969,2.389413,0.184354,-0.009859,0.034107,0.010925,-13.87024,166.1273,94.41187,1,Class 2
1116,2025-12-28T08:41:26.987188,-9.239224,1.927332,0.371101,-0.007994,-0.011458,-0.002132,-11.77388,168.2169,100.8987,1,Class 2
1117,2025-12-28T08:41:40.238966,-9.89763,1.616086,-0.253785,-0.00453,0.059688,-0.008527,-9.270434,170.7266,81.07533,1,Class 2
1118,2025-12-28T08:41:52.595275,-9.562442,2.468422,0.47884,-0.010658,0.003198,0.015188,-14.45685,165.5258,100.9782,1,Class 2
1119,2025-12-28T08:42:04.531354,-9.576807,2.322376,0.68953,0.051161,0.024781,-0.097792,-13.59721,166.3689,106.5365,1,Class 2
1120,2025-12-28T08:42:14.940006,-9.318233,3.368642,1.266533,0.000266,-0.049562,0.01279,-19.70839,160.1245,110.6051,1,Class 2
1121,2025-12-28T08:42:23.378418,-10.08677,1.403002,1.046266,-0.006129,-0.038904,0.054625,-7.876924,172.0813,126.7132,1,Class 2
1122,2025-12-28T08:42:31.037717,-9.406818,2.355895,0.969652,-0.021051,0.018386,0.017054,-13.98907,165.9397,112.3713,1,Class 2
1123,2025-12-28T08:42:40.409426,-9.548077,1.798046,-0.079009,-0.007194,0.041835,0.011191,-10.6644,169.3352,87.48396,1,Class 2
1124,2025-12-28T08:42:47.46522,-10.07241,1.819593,0.059855,0.000266,0.049562,0.014655,-10.23994,169.7599,91.88405,1,Class 2
1125,2025-12-28T08:42:54.707816,-9.651027,1.96564,0.859518,-0.007994,0.063418,0.03917,-11.46788,168.4879,113.6184,1,Class 2
1126,2025-12-28T08:43:01.930302,-9.91439,0.641646,-0.114922,-0.017587,0.036239,0.047963,-3.702694,176.2971,79.84573,1,Class 2
1127,2025-12-28T08:43:10.976448,-9.959879,0.926556,-0.457293,-0.016254,-0.029044,0.028778,-5.309302,174.6851,63.73181,1,Class 2
1128,2025-12-28T08:43:21.26181,-9.840169,1.225831,-0.153229,-0.026113,-0.037838,0.102055,-7.100142,172.899,82.87498,1,Class 2
1129,2025-12-28T08:43:28.447633,-8.793902,2.925714,0.344765,-0.190521,0.195317,0.092196,-18.38901,161.5978,96.72072,1,Class 2
1130,2025-12-28T08:43:36.147975,-9.720459,1.893813,-0.129287,-0.004263,0.00826,0.02185,-11.02374,168.9753,86.09459,1,Class 2
1131,2025-12-28T08:43:43.197928,-9.49301,3.272874,0.430956,-0.010126,-0.005596,0.015188,-19.00432,160.9775,97.50128,1,Class 2
1132,2025-12-28T08:43:50.357024,-9.605537,2.590526,-0.009577,0.021051,0.058622,-0.022383,-15.09306,164.9069,89.78819,1,Class 2
1133,2025-12-28T08:43:57.553753,-9.569624,1.893813,-0.490811,-0.005063,-0.014655,-0.019452,-11.17978,168.8059,75.47057,1,Class 2
1134,2025-12-28T08:44:05.812342,-9.952697,1.707066,0.136469,0.004796,0.013856,0.010925,-9.731654,170.2675,94.57072,1,Class 2
1135,2025-12-28T08:44:16.322921,-9.363723,1.960851,0.323217,-0.010392,-0.049296,0.048496,-11.82052,168.1726,99.36019,1,Class 2
1136,2025-12-28T08:44:27.647019,-9.909601,2.08535,-0.553061,-0.027979,0.026913,0.050361,-11.86583,168.1162,75.1464,1,Class 2
1137,2025-12-28T08:44:40.194827,-9.916783,1.678335,-0.914585,-0.034374,-0.001599,0.028245,-9.565984,170.3942,61.41245,1,Class 2
1138,2025-12-28T08:44:53.626102,-9.955091,1.84593,0.057461,-0.036239,-0.006129,0.02185,-10.50463,169.4952,91.78295,1,Class 2
1139,2025-12-28T08:45:00.66926,-9.888053,1.78368,0.3304,0.0,0.061286,-0.05649,-10.21989,169.7745,100.4942,1,Class 2
1140,2025-12-28T08:45:07.988375,-9.339781,1.982399,0.268151,-0.007994,-0.003997,0.037571,-11.97858,168.0166,97.7034,1,Class 2
1141,2025-12-28T08:45:14.854095,-9.998186,1.271321,-0.146046,0.007727,0.066882,-0.042101,-7.245802,172.7534,83.44672,1,Class 2
1142,2025-12-28T08:45:22.130729,-10.04368,0.787692,-0.545878,-0.014922,0.006662,0.024515,-4.477758,175.5157,55.27769,1,Class 2
1143,2025-12-28T08:45:32.016888,-9.991004,1.323994,-0.124498,0.0,0.03464,0.037305,-7.548193,172.4512,84.62813,1,Class 2
1144,2025-12-28T08:45:39.38232,-9.718064,1.338359,0.141258,0.00906,0.010392,0.003198,-7.840554,172.1586,96.02501,1,Class 2
1145,2025-12-28T08:45:47.326006,-9.923966,1.067814,0.076614,-0.017853,0.037571,0.016254,-6.141188,173.8586,94.10387,1,Class 2
1146,2025-12-28T08:45:54.840443,-9.672575,0.536301,0.105345,0.001332,0.045565,-0.006129,-3.173358,176.8264,101.113,1,Class 2
1147,2025-12-28T08:46:02.675143,-9.866506,0.754174,-0.181959,-0.014655,-0.005862,0.002931,-4.370321,175.6289,76.43549,1,Class 2
1148,2025-12-28T08:46:10.157249,-8.705317,3.071761,1.802834,0.196116,-0.285115,0.572894,-19.06149,160.5641,120.4089,1,Class 2
1149,2025-12-28T08:46:17.51474,-9.653421,1.790863,0.85473,-0.003198,0.005862,0.016787,-10.46975,169.4902,115.5139,1,Class 2
1150,2025-12-28T08:46:24.565217,-9.674969,1.745373,0.739808,-0.004796,-0.036505,0.007461,-10.19708,169.7738,112.9705,1,Class 2
1151,2025-12-28T08:46:31.388672,-9.67018,1.699883,0.452504,-0.018119,0.067948,-0.015455,-9.959262,170.0301,104.9063,1,Class 2
1152,2025-12-28T08:46:38.498354,-9.615114,2.035071,0.711078,-0.016787,-0.045832,0.070879,-11.91887,168.0495,109.26,1,Class 2
1153,2025-12-28T08:46:45.577771,-9.629479,2.667141,0.577003,-0.007461,0.000799,0.005329,-15.45509,164.5185,102.2071,1,Class 2
1154,2025-12-28T08:46:52.363032,-9.483433,2.626439,0.557849,-0.002665,0.002665,0.011458,-15.45465,164.5199,101.9913,1,Class 2
1155,2025-12-28T08:47:03.276354,-9.315839,2.631228,0.538695,-0.004796,0.011458,0.002398,-15.74716,164.2278,101.5704,1,Class 2
1156,2025-12-28T08:47:11.209275,-9.361329,2.348712,0.998382,-0.017054,-0.024781,0.000533,-14.00822,165.9155,113.0292,1,Class 2
1157,2025-12-28T08:47:19.94879,-9.504981,1.620875,0.830788,0.001332,-0.011991,0.042368,-9.641434,170.3225,117.1377,1,Class 2
1158,2025-12-28T08:47:33.674231,-9.64145,1.412579,0.414197,-0.003198,0.065017,-0.015721,-8.32759,171.6648,106.3422,1,Class 2
1159,2025-12-28T08:47:40.702622,-10.11311,1.742979,0.842759,-0.001865,-0.035173,0.028245,-9.745644,170.2212,115.8045,1,Class 2
1160,2025-12-28T08:47:47.605231,-9.516952,1.49877,0.37589,-0.001865,-0.016787,-0.019985,-8.94282,171.0503,104.0793,1,Class 2
1161,2025-12-28T08:47:54.475433,-9.5385,1.728614,0.402226,-0.009326,0.060487,0.017853,-10.26301,169.7281,103.0989,1,Class 2
1162,2025-12-28T08:48:01.521605,-9.89763,1.264138,0.356736,0.003997,0.041835,-0.006928,-7.273814,172.7215,105.7589,1,Class 2
1163,2025-12-28T08:48:08.351926,-10.04128,0.964863,0.749385,-0.002132,0.011191,0.014389,-5.473551,174.5113,127.8356,1,Class 2
1164,2025-12-28T08:48:15.288957,-9.756371,0.294487,0.593762,-0.005063,0.003997,0.016254,-1.725703,178.2711,153.6201,1,Class 2
1165,2025-12-28T08:48:23.811835,-9.799467,0.4956,0.31364,-0.001332,0.009859,0.011458,-2.893739,177.1048,122.3277,1,Class 2
1166,2025-12-28T08:48:44.629842,-9.679757,1.314417,0.723049,-0.005329,0.00453,-0.000799,-7.711687,172.2671,118.8148,1,Class 2
1167,2025-12-28T08:48:53.805248,-9.598354,2.099715,0.986411,-0.001599,0.029311,0.007994,-12.27683,167.6605,115.1634,1,Class 2
1168,2025-12-28T08:49:01.791987,-9.485827,1.96564,0.960075,-0.009326,0.033041,-0.025047,-11.64919,168.2929,116.0322,1,Class 2
1169,2025-12-28T08:49:15.028299,-9.739613,1.426944,0.438139,-0.012257,-0.024781,0.067948,-8.326765,171.6649,107.0689,1,Class 2
1170,2025-12-28T08:49:26.006887,-10.33816,1.283292,0.177171,-0.009593,0.022916,0.002931,-7.074989,172.924,97.86055,0,Class 1
1171,2025-12-28T08:49:37.260618,-9.847352,1.077391,0.529119,-0.010126,0.021317,0.001066,-6.234927,173.7561,116.1562,0,Class 1
1172,2025-12-28T08:49:46.57687,-10.09635,0.895431,0.28491,0.011724,-0.023982,0.002398,-5.066218,174.9318,107.6501,0,Class 1
1173,2025-12-28T08:49:56.532303,-9.866506,1.266533,0.02873,0.018919,0.047963,-0.007994,-7.314847,172.6851,91.29949,0,Class 1
1174,2025-12-28T08:50:05.830511,-10.10353,1.022324,0.572214,0.01279,-0.023449,-0.007994,-5.768617,174.2222,119.2366,0,Class 1
1175,2025-12-28T08:50:16.488357,-9.622296,1.393425,1.18513,0.032508,0.032775,0.031975,-8.178888,171.7602,130.3817,0,Class 1
1176,2025-12-28T08:50:27.667816,-10.05804,0.562637,-0.201113,-0.050095,0.029311,0.013323,-3.201097,176.7983,70.33073,0,Class 1
1177,2025-12-28T08:50:38.518797,-9.64145,1.015141,0.52433,-0.005596,0.044766,0.018119,-6.001683,173.9895,117.3168,0,Class 1
1178,2025-12-28T08:50:49.326675,-9.916783,1.070208,0.577003,-0.007461,0.004796,0.027712,-6.149138,173.8405,118.3313,0,Class 1
1179,2025-12-28T08:50:59.822928,-9.782708,1.197101,0.608127,0.003464,0.040236,0.026646,-6.963238,173.0235,116.9306,0,Class 1
1180,2025-12-28T08:51:11.754687,-9.445126,0.347159,-0.253785,0.025314,0.00906,0.024248,-2.104222,177.895,53.83191,0,Class 1
1181,2025-12-28T08:51:22.800731,-9.749189,0.277727,0.023942,-0.001865,0.01279,0.014123,-1.631752,178.3682,94.92711,0,Class 1
1182,2025-12-28T08:51:33.772351,-9.76116,0.986411,0.248997,-0.007194,0.016787,0.000266,-5.768555,174.2296,104.1671,0,Class 1
1183,2025-12-28T08:51:45.377201,-9.763555,1.01993,0.45011,-0.003997,0.013856,0.00453,-5.957376,174.0363,113.8126,0,Class 1
1184,2025-12-28T08:51:53.545656,-9.708488,1.733402,0.577003,-0.016254,0.004263,0.014922,-10.10574,169.8768,108.4112,0,Class 1
1185,2025-12-28T08:54:29.822177,-0.158017,0.047884,-0.055067,0.110315,0.057822,-0.595544,-15.96861,163.1416,41.00909,0,Class 1
1186,2025-12-28T08:54:37.424449,-6.220136,1.00317,0.153229,-0.02638,1.276888,0.041568,-9.158921,170.8383,98.6845,0,Class 1
1187,2025-12-28T08:54:54.349845,-7.972692,4.271256,-1.436521,2.048563,-0.03464,-0.036239,-27.80025,151.8204,71.41103,0,Class 1
1188,2025-12-28T08:55:01.115254,-9.679757,2.27928,-2.054225,0.002398,0.029311,0.016254,-12.97121,166.75,47.97291,0,Class 1
1189,2025-12-28T08:55:09.748171,-9.514558,3.04303,-1.563414,0.001332,0.003464,0.017054,-17.51552,162.2642,62.80732,0,Class 1
1190,2025-12-28T08:55:18.431906,-9.722853,2.456451,-1.233014,-0.005329,0.02558,0.013323,-14.07074,165.8211,63.34567,0,Class 1
1191,2025-12-28T08:55:27.479036,-9.672575,2.463634,-1.278504,-0.002931,0.015455,0.003464,-14.17134,165.7104,62.57293,0,Class 1
1192,2025-12-28T08:55:34.58661,-9.655815,2.588132,-1.194707,-0.005862,0.012524,0.023715,-14.8963,164.9952,65.2215,0,Class 1
1193,2025-12-28T08:55:43.977117,-9.684546,3.248932,-0.59855,0.00373,0.032508,0.002132,-18.51245,161.4546,79.56145,0,Class 1
1194,2025-12-28T08:55:54.470905,-9.540894,3.0143,-0.768539,-0.014389,0.03091,-0.017853,-17.47998,162.4669,75.69637,0,Class 1
1195,2025-12-28T08:56:07.201044,-9.548077,2.674323,-1.654393,0.000799,0.06475,-0.019185,-15.42834,164.353,58.25818,0,Class 1
1196,2025-12-28T08:56:16.032386,-9.684546,2.439692,-1.570596,-0.006395,0.034374,0.026913,-13.96434,165.8605,57.22785,0,Class 1
1197,2025-12-28T08:56:23.818002,-9.698911,2.53546,-1.472434,-0.006395,0.008793,0.006129,-14.4913,165.3498,59.85469,0,Class 1
1198,2025-12-28T08:56:31.457957,-9.576807,2.650381,-0.902614,-0.005063,0.006129,-0.002132,-15.40442,164.5306,71.19321,0,Class 1
1199,2025-12-28T08:56:38.83199,-9.746795,2.47321,-0.933739,-0.005596,0.015988,0.01279,-14.1758,165.7619,69.31641,0,Class 1
1200,2025-12-28T08:56:47.631907,-9.457097,2.547431,-1.137246,-0.003997,0.000533,0.019718,-14.97279,164.9242,65.94265,0,Class 1
1201,2025-12-28T08:56:55.056622,-9.660604,1.855506,-3.37343,0.138827,0.22596,-0.175599,-10.27787,169.1276,28.81235,0,Class 1
